{"information": {"./data/images/val/P214260000011.png": {"shape": [2856, 2800], "labels": []}, "./data/images/val/P214260000016.png": {"shape": [2320, 2828], "labels": [[0.0, 0.2790948152542114, 0.5236916542053223, 0.37198275327682495, 0.7157001495361328]]}, "./data/images/val/P214260000048.png": {"shape": [2320, 2828], "labels": []}, "./data/images/val/P214260000052.png": {"shape": [2320, 2828], "labels": []}, "./data/images/val/P214260000076.png": {"shape": [2800, 3408], "labels": []}, "./data/images/val/P214260000093.png": {"shape": [2617, 2465], "labels": []}, "./data/images/val/P214260000100.png": {"shape": [2500, 2048], "labels": []}, "./data/images/val/P214260000131.png": {"shape": [4248, 3480], "labels": []}, "./data/images/val/P214260000133.png": {"shape": [2500, 2048], "labels": []}, "./data/images/val/P214260000150.png": {"shape": [3480, 4248], "labels": [[0.0, 0.2639367878437042, 0.2462335228919983, 0.1531609147787094, 0.14312617480754852], [0.0, 0.29410919547080994, 0.7766007781028748, 0.38534483313560486, 0.37005650997161865]]}, "./data/images/val/P214260000156.png": {"shape": [2320, 2828], "labels": [[0.0, 0.22887931764125824, 0.7144625186920166, 0.33017241954803467, 0.2606081962585449]]}, "./data/images/val/P214260000227.png": {"shape": [2320, 2828], "labels": []}, "./data/images/val/P214260000243.png": {"shape": [2320, 2828], "labels": []}, "./data/images/val/P214260000245.png": {"shape": [3480, 4248], "labels": [[0.0, 0.24382184445858002, 0.7636534571647644, 0.20373563468456268, 0.16854991018772125]]}, "./data/images/val/P214260000337.png": {"shape": [2731, 2800], "labels": [[0.0, 0.2656536102294922, 0.6198214292526245, 0.38410839438438416, 0.760357141494751]]}, "./data/images/val/P214260000350.png": {"shape": [2320, 2828], "labels": []}, "./data/images/val/P214260000373.png": {"shape": [2320, 2828], "labels": []}, "./data/images/val/P214260000377.png": {"shape": [2465, 3039], "labels": []}, "./data/images/val/P214260000399.png": {"shape": [2465, 3039], "labels": []}, "./data/images/val/P214260000402.png": {"shape": [2465, 2915], "labels": [[0.0, 0.7606490850448608, 0.7111492156982422, 0.32048681378364563, 0.5777015686035156]]}, "./data/images/val/P214260000419.png": {"shape": [2047, 2452], "labels": [[0.0, 0.23668783903121948, 0.2506117522716522, 0.3297508656978607, 0.3128058612346649]]}, "./data/images/val/P214260000426.png": {"shape": [2828, 2320], "labels": [[0.0, 0.22648514807224274, 0.5825430750846863, 0.3582036793231964, 0.8340517282485962]]}, "./data/images/val/P214260000447.png": {"shape": [2048, 2500], "labels": []}, "./data/images/val/P214260000496.png": {"shape": [2320, 2828], "labels": [[0.0, 0.2943965494632721, 0.47807636857032776, 0.33017241954803467, 0.6329561471939087]]}, "./data/images/val/P214260000498.png": {"shape": [2576, 3017], "labels": []}, "./data/images/val/P214260000533.png": {"shape": [2320, 2828], "labels": []}, "./data/images/val/P214260000540.png": {"shape": [3480, 4248], "labels": [[0.0, 0.3945402204990387, 0.17467042803764343, 0.22298850119113922, 0.13135592639446259], [0.0, 0.27600574493408203, 0.6588982939720154, 0.22959770262241364, 0.24858756363391876]]}, "./data/images/val/P214260000547.png": {"shape": [2534, 3133], "labels": []}, "./data/images/val/P214260000562.png": {"shape": [2800, 3271], "labels": [[0.0, 0.271785706281662, 0.48777133226394653, 0.33714285492897034, 0.6007336974143982]]}, "./data/images/val/P214260000566.png": {"shape": [2320, 2828], "labels": [[0.0, 0.7493534684181213, 0.7416902184486389, 0.18922413885593414, 0.2874823212623596]]}, "./data/images/val/P214260000592.png": {"shape": [2320, 2828], "labels": []}, "./data/images/val/P214260000620.png": {"shape": [2667, 3408], "labels": []}, "./data/images/val/P214260000633.png": {"shape": [3480, 4248], "labels": []}, "./data/images/val/P214260000638.png": {"shape": [2320, 2828], "labels": []}, "./data/images/val/P214260000645.png": {"shape": [2320, 2828], "labels": []}, "./data/images/val/P214260000651.png": {"shape": [2535, 2778], "labels": []}, "./data/images/val/P214260000695.png": {"shape": [2753, 2745], "labels": []}, "./data/images/val/P214260000710.png": {"shape": [2371, 3039], "labels": []}, "./data/images/val/P214260000718.png": {"shape": [3480, 4248], "labels": [[0.0, 0.18390804529190063, 0.6013417840003967, 0.23333333432674408, 0.7973163723945618]]}, "./data/images/val/P214260000744.png": {"shape": [2688, 3408], "labels": [[0.0, 0.886346697807312, 0.7093603014945984, 0.1052827388048172, 0.10064554214477539]]}, "./data/images/val/P214260000745.png": {"shape": [2319, 3039], "labels": []}, "./data/images/val/P214260000752.png": {"shape": [2800, 3408], "labels": []}, "./data/images/val/P214260000786.png": {"shape": [2667, 3042], "labels": [[0.0, 0.3127109110355377, 0.5973044037818909, 0.35920509696006775, 0.5522682666778564]]}, "./data/images/val/P214260000799.png": {"shape": [2703, 2796], "labels": [[0.0, 0.2943026125431061, 0.588698148727417, 0.3510913848876953, 0.8147353529930115]]}, "./data/images/val/P214260000818.png": {"shape": [2465, 3039], "labels": []}, "./data/images/val/P214260000821.png": {"shape": [2320, 2828], "labels": []}, "./data/images/val/P214260000856.png": {"shape": [2320, 2828], "labels": []}, "./data/images/val/P214260000857.png": {"shape": [2552, 2465], "labels": []}, "./data/images/val/P214260000864.png": {"shape": [3480, 4248], "labels": []}, "./data/images/val/P214260000870.png": {"shape": [2616, 2951], "labels": []}, "./data/images/val/P214260000894.png": {"shape": [2320, 2828], "labels": []}, "./data/images/val/P214260000926.png": {"shape": [2320, 2828], "labels": []}, "./data/images/val/P214260000952.png": {"shape": [3480, 4248], "labels": [[0.0, 0.7413793206214905, 0.6255885362625122, 0.33908045291900635, 0.7464689016342163]]}, "./data/images/val/P214260000966.png": {"shape": [3480, 4248], "labels": [[0.0, 0.1902298778295517, 0.526129961013794, 0.2885057330131531, 0.6986817121505737]]}, "./data/images/val/P214260001016.png": {"shape": [2800, 3408], "labels": []}, "./data/images/val/P214260001022.png": {"shape": [2320, 2828], "labels": []}, "./data/images/val/P214260001026.png": {"shape": [2279, 3039], "labels": []}, "./data/images/val/P214260001037.png": {"shape": [2048, 2500], "labels": [[0.0, 0.207763671875, 0.47119998931884766, 0.18017578125, 0.459199994802475], [0.0, 0.349609375, 0.27320000529289246, 0.0986328125, 0.058400001376867294]]}, "./data/images/val/P214260001064.png": {"shape": [3071, 2562], "labels": []}, "./data/images/val/P214260001106.png": {"shape": [2697, 3017], "labels": []}, "./data/images/val/P214260001126.png": {"shape": [2560, 3276], "labels": []}, "./data/images/val/P214260001129.png": {"shape": [2718, 3149], "labels": [[0.0, 0.22369389235973358, 0.24531596899032593, 0.33112582564353943, 0.2537313401699066]]}, "./data/images/val/P214260001155.png": {"shape": [2048, 2500], "labels": []}, "./data/images/val/P214260001157.png": {"shape": [4248, 3480], "labels": []}, "./data/images/val/P214260001159.png": {"shape": [2800, 3408], "labels": []}, "./data/images/val/P214260001202.png": {"shape": [2320, 2828], "labels": [[0.0, 0.7030172348022461, 0.823019802570343, 0.3844827711582184, 0.28041017055511475]]}, "./data/images/val/P214260001217.png": {"shape": [2304, 2681], "labels": []}, "./data/images/val/P214260001226.png": {"shape": [2171, 2903], "labels": []}, "./data/images/val/P214260001260.png": {"shape": [2320, 2828], "labels": []}, "./data/images/val/P214260001269.png": {"shape": [2828, 2320], "labels": []}, "./data/images/val/P214260001272.png": {"shape": [2576, 3027], "labels": []}, "./data/images/val/P214260001359.png": {"shape": [2626, 2854], "labels": []}, "./data/images/val/P214260001396.png": {"shape": [3480, 4248], "labels": []}, "./data/images/val/P214260001468.png": {"shape": [2320, 2828], "labels": [[0.0, 0.8280172348022461, 0.644625186920166, 0.26120689511299133, 0.29207921028137207]]}, "./data/images/val/P214260001470.png": {"shape": [2339, 2047],